pair,pivot_type,htf_first_candle_time,htf_second_candle_time,htf_gap_low,htf_gap_high,htf_gap_width,htf_wick_diff_low,htf_wick_diff_high,ltf,wd_first_candle_time,wd_second_candle_time,wd_zone_low,wd_zone_high,wd_zone_width,wd_zone_pct_of_htf_gap,htf_first_touch_time,pending_until_htf_touch
GBPCAD,long,2023-10-09 00:00,2023-10-23 00:00,1.65574,1.66828,0.012539999999999996,1.65574,1.66565,D1,2023-10-13 00:00,2023-10-16 00:00,1.65574,1.65618,0.00043999999999999595,0.03508771929824531,,True
GBPCAD,short,2023-11-20 00:00,2023-12-04 00:00,1.71547,1.72741,0.01193999999999984,1.71799,1.72741,D1,2023-11-29 00:00,2023-11-30 00:00,1.72631,1.72741,0.0010999999999998789,0.09212730318257066,2024-01-15 00:00,False
GBPCAD,short,2023-11-20 00:00,2023-12-04 00:00,1.71547,1.72741,0.01193999999999984,1.71799,1.72741,D1,2023-12-01 00:00,2023-12-04 00:00,1.71775,1.71799,0.00023999999999979593,0.020100502512545994,2024-01-15 00:00,False
GBPCAD,long,2023-12-18 00:00,2024-01-01 00:00,1.67615,1.687,0.010850000000000026,1.67615,1.67878,D1,2023-12-26 00:00,2023-12-27 00:00,1.67615,1.67724,0.0010900000000000354,0.10046082949309057,,True
GBPCAD,long,2023-12-18 00:00,2024-01-01 00:00,1.67615,1.687,0.010850000000000026,1.67615,1.67878,D1,2024-01-02 00:00,2024-01-03 00:00,1.67878,1.68075,0.0019700000000000273,0.18156682027649976,,True
GBPCAD,short,2024-01-01 00:00,2024-01-15 00:00,1.70982,1.72207,0.012250000000000094,1.71032,1.72207,D1,2024-01-24 00:00,2024-01-25 00:00,1.72094,1.72207,0.0011300000000000754,0.09224489795918912,2024-01-29 00:00,False
GBPCAD,long,2024-03-11 00:00,2024-03-25 00:00,1.70242,1.71455,0.012129999999999974,1.70242,1.70702,D1,2024-04-01 00:00,2024-04-02 00:00,1.70242,1.70266,0.00024000000000001798,0.019785655399836642,2024-04-08 00:00,False
GBPCAD,short,2024-03-25 00:00,2024-04-08 00:00,1.71756,1.7241,0.00653999999999999,1.71892,1.7241,D1,2024-04-16 00:00,2024-04-17 00:00,1.72346,1.72404,0.0005800000000000249,0.08868501529052382,2024-04-22 00:00,False
GBPCAD,long,2024-04-08 00:00,2024-04-22 00:00,1.68874,1.70066,0.011920000000000153,1.68874,1.69995,D1,2024-04-22 00:00,2024-04-23 00:00,1.68874,1.69019,0.0014500000000001734,0.1216442953020264,,True
GBPCAD,short,2024-06-03 00:00,2024-06-17 00:00,1.74234,1.76054,0.018199999999999994,1.74688,1.76054,D1,2024-06-12 00:00,2024-06-13 00:00,1.75806,1.76054,0.0024800000000000377,0.1362637362637384,2024-07-01 00:00,False
GBPCAD,short,2024-06-03 00:00,2024-06-17 00:00,1.74234,1.76054,0.018199999999999994,1.74688,1.76054,D1,2024-06-19 00:00,2024-06-20 00:00,1.74428,1.74688,0.0025999999999999357,0.14285714285713938,2024-07-01 00:00,False
GBPCAD,long,2024-06-17 00:00,2024-07-01 00:00,1.72713,1.73076,0.003630000000000022,1.72713,1.7282,D1,2024-06-28 00:00,2024-07-01 00:00,1.72759,1.7282,0.0006099999999999994,0.16804407713498504,,True
GBPCAD,short,2024-07-15 00:00,2024-07-29 00:00,1.77954,1.78526,0.005720000000000169,1.78231,1.78526,D1,2024-07-24 00:00,2024-07-25 00:00,1.7845,1.78526,0.0007600000000000939,0.13286713286714535,2024-08-12 00:00,False
GBPCAD,short,2024-07-15 00:00,2024-07-29 00:00,1.77954,1.78526,0.005720000000000169,1.78231,1.78526,D1,2024-07-29 00:00,2024-07-30 00:00,1.78202,1.78231,0.0002900000000001235,0.050699300699320785,2024-08-12 00:00,False
GBPCAD,long,2024-08-26 00:00,2024-09-09 00:00,1.76838,1.78183,0.013449999999999962,1.76838,1.76938,D1,2024-09-11 00:00,2024-09-12 00:00,1.76938,1.76953,0.0001500000000000945,0.011152416356884381,2024-09-23 00:00,False
CADCHF,short,2024-02-12 00:00,2024-02-26 00:00,0.65227,0.65594,0.003669999999999951,0.65396,0.65594,D1,2024-02-19 00:00,2024-02-20 00:00,0.65441,0.65458,0.00017000000000000348,0.04632152588556015,2024-03-11 00:00,False
CADCHF,long,2024-02-26 00:00,2024-03-11 00:00,0.64628,0.65096,0.0046800000000000175,0.64628,0.64919,D1,2024-02-28 00:00,2024-02-29 00:00,0.64628,0.64712,0.0008400000000000629,0.17948717948719226,2024-06-03 00:00,False
CADCHF,long,2024-02-26 00:00,2024-03-11 00:00,0.64628,0.65096,0.0046800000000000175,0.64628,0.64919,D1,2024-03-12 00:00,2024-03-13 00:00,0.64919,0.64998,0.0007899999999999574,0.16880341880340907,2024-06-03 00:00,False
CADCHF,short,2024-03-25 00:00,2024-04-08 00:00,0.66385,0.67216,0.008309999999999929,0.6685,0.67216,D1,2024-04-10 00:00,2024-04-11 00:00,0.66836,0.6685,0.000140000000000029,0.016847172081832756,2024-04-22 00:00,False
CADCHF,long,2024-06-03 00:00,2024-06-17 00:00,0.64359,0.64822,0.004630000000000023,0.64359,0.64675,D1,2024-06-18 00:00,2024-06-19 00:00,0.64359,0.64396,0.00036999999999998145,0.07991360691144268,2024-07-15 00:00,False
CADCHF,short,2024-06-17 00:00,2024-07-01 00:00,0.65698,0.66338,0.006399999999999961,0.65772,0.66338,D1,2024-07-10 00:00,2024-07-11 00:00,0.6607,0.6609,0.000200000000000089,0.03125000000001409,2024-07-15 00:00,False
GBPUSD,short,2023-11-20 00:00,2023-12-04 00:00,1.27106,1.27944,0.008379999999999832,1.27334,1.27944,D1,2023-12-14 00:00,2023-12-15 00:00,1.2791,1.27944,0.00034000000000000696,0.040572792362770144,2023-12-18 00:00,False
GBPUSD,long,2023-12-04 00:00,2023-12-18 00:00,1.25002,1.26766,0.0176400000000001,1.25002,1.26123,D1,2023-12-20 00:00,2023-12-21 00:00,1.26123,1.26251,0.0012799999999999478,0.07256235827664062,2024-01-01 00:00,False
GBPUSD,short,2024-01-01 00:00,2024-01-15 00:00,1.27528,1.27858,0.0033000000000000806,1.27748,1.27858,D1,2024-01-11 00:00,2024-01-12 00:00,1.27812,1.27858,0.000460000000000127,0.13939393939397446,2024-01-29 00:00,False
GBPUSD,long,2024-01-29 00:00,2024-02-12 00:00,1.25184,1.263,0.011159999999999837,1.25184,1.25354,D1,2024-02-05 00:00,2024-02-06 00:00,1.25184,1.25322,0.0013799999999999368,0.12365591397849077,2024-02-26 00:00,False
GBPUSD,long,2024-01-29 00:00,2024-02-12 00:00,1.25184,1.263,0.011159999999999837,1.25184,1.25354,D1,2024-02-14 00:00,2024-02-15 00:00,1.25354,1.2542,0.0006599999999998829,0.05913978494622693,2024-02-26 00:00,False
GBPUSD,short,2024-03-25 00:00,2024-04-08 00:00,1.26384,1.27095,0.00710999999999995,1.26835,1.27095,D1,2024-04-09 00:00,2024-04-10 00:00,1.27085,1.27095,9.999999999998899e-05,0.014064697608999957,2024-05-06 00:00,False
GBPUSD,short,2024-08-12 00:00,2024-08-26 00:00,1.32181,1.32666,0.004850000000000021,1.32304,1.32666,D1,2024-08-27 00:00,2024-08-28 00:00,1.32638,1.32666,0.000280000000000058,0.0577319587628983,2024-09-09 00:00,False
NZDUSD,long,2023-11-06 00:00,2023-11-20 00:00,0.5859,0.59912,0.01322000000000001,0.5859,0.59848,D1,2023-11-13 00:00,2023-11-14 00:00,0.5859,0.58702,0.0011200000000000099,0.08472012102874502,2024-03-11 00:00,False
NZDUSD,long,2023-11-06 00:00,2023-11-20 00:00,0.5859,0.59912,0.01322000000000001,0.5859,0.59848,D1,2023-11-16 00:00,2023-11-17 00:00,0.59406,0.59638,0.0023199999999999887,0.17549167927382656,2024-03-11 00:00,False
NZDUSD,short,2023-12-18 00:00,2024-01-01 00:00,0.6319,0.63696,0.005059999999999953,0.6329,0.63696,D1,2024-01-01 00:00,2024-01-02 00:00,0.63273,0.6329,0.00017000000000000348,0.03359683794466503,2024-09-23 00:00,False
NZDUSD,long,2024-01-15 00:00,2024-01-29 00:00,0.60384,0.60918,0.005340000000000011,0.60384,0.6062,D1,2024-02-05 00:00,2024-02-06 00:00,0.60384,0.60467,0.0008299999999999974,0.15543071161048608,2024-02-12 00:00,False
NZDUSD,long,2024-03-11 00:00,2024-03-25 00:00,0.59396,0.59928,0.005319999999999991,0.59396,0.59894,D1,2024-04-01 00:00,2024-04-02 00:00,0.59396,0.59434,0.00037999999999993594,0.0714285714285595,2024-04-08 00:00,False
NZDUSD,short,2024-03-25 00:00,2024-04-08 00:00,0.60134,0.6083,0.006959999999999966,0.60467,0.6083,D1,2024-04-09 00:00,2024-04-10 00:00,0.60769,0.6083,0.0006099999999999994,0.08764367816091988,2024-04-22 00:00,False
NZDUSD,short,2024-07-01 00:00,2024-07-15 00:00,0.61085,0.61537,0.0045199999999999685,0.61127,0.61537,D1,2024-07-05 00:00,2024-07-08 00:00,0.6149,0.61537,0.00046999999999997044,0.10398230088494993,2024-08-12 00:00,False
NZDUSD,long,2024-08-26 00:00,2024-09-09 00:00,0.61065,0.61754,0.006889999999999952,0.61065,0.61561,D1,2024-09-13 00:00,2024-09-16 00:00,0.61528,0.61544,0.00015999999999993797,0.023222060957901174,2024-09-23 00:00,False
NZDCHF,long,2024-01-15 00:00,2024-01-29 00:00,0.52482,0.52661,0.0017900000000000693,0.52482,0.52598,D1,2024-02-02 00:00,2024-02-05 00:00,0.52482,0.52512,0.000300000000000078,0.16759776536316556,2024-07-15 00:00,False
NZDCHF,long,2024-03-11 00:00,2024-03-25 00:00,0.53565,0.53808,0.0024300000000000432,0.53565,0.53726,D1,2024-03-22 00:00,2024-03-25 00:00,0.53724,0.53726,1.999999999990898e-05,0.008230452674859516,2024-04-08 00:00,False
NZDCHF,short,2024-03-25 00:00,2024-04-08 00:00,0.54242,0.54959,0.00717000000000001,0.54774,0.54959,D1,2024-04-09 00:00,2024-04-10 00:00,0.54826,0.54959,0.0013300000000000534,0.18549511854951906,2024-04-22 00:00,False
NZDCHF,short,2024-05-06 00:00,2024-05-20 00:00,0.55774,0.56254,0.0048000000000000265,0.55774,0.56254,D1,2024-05-27 00:00,2024-05-28 00:00,0.56238,0.56254,0.000160000000000049,0.03333333333334336,,True
NZDCHF,long,2024-06-03 00:00,2024-06-17 00:00,0.54067,0.54672,0.00605,0.54067,0.54521,D1,2024-06-19 00:00,2024-06-20 00:00,0.54146,0.54182,0.00035999999999991594,0.05950413223139107,2024-07-01 00:00,False
NZDCHF,long,2024-06-03 00:00,2024-06-17 00:00,0.54067,0.54672,0.00605,0.54067,0.54521,D1,2024-06-26 00:00,2024-06-27 00:00,0.54456,0.54492,0.00035999999999991594,0.05950413223139107,2024-07-01 00:00,False
NZDCHF,short,2024-06-17 00:00,2024-07-01 00:00,0.54751,0.55262,0.005109999999999948,0.54878,0.55262,D1,2024-07-04 00:00,2024-07-05 00:00,0.55169,0.55262,0.0009299999999999864,0.18199608610567433,,True
NZDCHF,short,2024-06-17 00:00,2024-07-01 00:00,0.54751,0.55262,0.005109999999999948,0.54878,0.55262,D1,2024-07-09 00:00,2024-07-10 00:00,0.5505,0.55054,4.0000000000040004e-05,0.007827788649714366,,True
NZDCHF,long,2024-07-29 00:00,2024-08-12 00:00,0.4944,0.51908,0.02467999999999998,0.4944,0.51778,D1,2024-08-14 00:00,2024-08-15 00:00,0.51778,0.51796,0.00017999999999995797,0.007293354943272209,2024-09-09 00:00,False
NZDCHF,short,2024-08-12 00:00,2024-08-26 00:00,0.52756,0.5321,0.0045399999999999885,0.5288,0.5321,D1,2024-08-30 00:00,2024-09-02 00:00,0.53189,0.5321,0.00021000000000004349,0.04625550660793921,2024-09-09 00:00,False
NZDCHF,short,2024-09-09 00:00,2024-09-23 00:00,0.53013,0.53838,0.00824999999999998,0.5313,0.53838,D1,2024-09-30 00:00,2024-10-01 00:00,0.537,0.53838,0.0013799999999999368,0.16727272727272002,,True
NZDCHF,short,2024-09-09 00:00,2024-09-23 00:00,0.53013,0.53838,0.00824999999999998,0.5313,0.53838,D1,2024-10-02 00:00,2024-10-03 00:00,0.53292,0.53445,0.0015300000000000313,0.1854545454545497,,True
AUDCAD,long,2024-03-11 00:00,2024-03-25 00:00,0.88012,0.88644,0.006319999999999992,0.88012,0.88318,D1,2024-04-01 00:00,2024-04-02 00:00,0.88012,0.88024,0.00012000000000000899,0.018987341772153343,2024-04-08 00:00,False
AUDCAD,short,2024-03-25 00:00,2024-04-08 00:00,0.89418,0.90074,0.00656000000000001,0.89524,0.90074,D1,2024-04-09 00:00,2024-04-10 00:00,0.89992,0.90074,0.0008199999999999319,0.12499999999998943,2024-04-22 00:00,False
AUDCAD,short,2024-03-25 00:00,2024-04-08 00:00,0.89418,0.90074,0.00656000000000001,0.89524,0.90074,D1,2024-04-11 00:00,2024-04-12 00:00,0.89554,0.89558,4.0000000000040004e-05,0.006097560975615844,2024-04-22 00:00,False
AUDCAD,short,2024-08-12 00:00,2024-08-26 00:00,0.91756,0.91966,0.0020999999999999908,0.91818,0.91966,D1,2024-08-20 00:00,2024-08-21 00:00,0.91942,0.91966,0.00024000000000001798,0.11428571428572334,2024-09-09 00:00,False
AUDCAD,short,2024-08-12 00:00,2024-08-26 00:00,0.91756,0.91966,0.0020999999999999908,0.91818,0.91966,D1,2024-08-29 00:00,2024-08-30 00:00,0.91812,0.91818,5.999999999994898e-05,0.028571428571404402,2024-09-09 00:00,False
AUDCAD,short,2024-09-09 00:00,2024-09-23 00:00,0.92237,0.93772,0.015349999999999975,0.92688,0.93772,D1,2024-09-30 00:00,2024-10-01 00:00,0.93771,0.93772,9.99999999995449e-06,0.0006514657980426389,,True
GBPNZD,long,2023-10-23 00:00,2023-11-06 00:00,2.05656,2.0643,0.007739999999999636,2.05656,2.05894,D1,2023-11-15 00:00,2023-11-16 00:00,2.05894,2.05994,0.0009999999999998899,0.1291989664082606,2023-11-20 00:00,False
GBPNZD,long,2023-12-18 00:00,2024-01-01 00:00,2.00574,2.01475,0.009009999999999962,2.00574,2.01094,D1,2023-12-28 00:00,2023-12-29 00:00,2.00574,2.00577,3.0000000000196536e-05,0.0033296337403103953,,True
GBPNZD,short,2024-01-15 00:00,2024-01-29 00:00,2.0852,2.09475,0.009549999999999947,2.08589,2.09475,D1,2024-01-22 00:00,2024-01-23 00:00,2.09328,2.09475,0.0014699999999998603,0.15392670157066685,2024-02-26 00:00,False
GBPNZD,short,2024-01-15 00:00,2024-01-29 00:00,2.0852,2.09475,0.009549999999999947,2.08589,2.09475,D1,2024-01-26 00:00,2024-01-29 00:00,2.08589,2.08728,0.0013899999999997803,0.14554973821987308,2024-02-26 00:00,False
GBPNZD,short,2024-03-11 00:00,2024-03-25 00:00,2.1027,2.11759,0.014889999999999848,2.1105,2.11759,D1,2024-03-28 00:00,2024-03-29 00:00,2.11562,2.11759,0.0019700000000000273,0.1323035594358662,2024-04-08 00:00,False
GBPNZD,short,2024-05-20 00:00,2024-06-03 00:00,2.0741,2.08974,0.015639999999999876,2.0861,2.08974,D1,2024-06-07 00:00,2024-06-10 00:00,2.08472,2.0861,0.0013800000000001589,0.08823529411765792,2024-06-17 00:00,False
GBPNZD,long,2024-08-12 00:00,2024-08-26 00:00,2.09822,2.1218,0.023579999999999934,2.09822,2.11408,D1,2024-08-30 00:00,2024-09-02 00:00,2.09893,2.09968,0.0007500000000000284,0.03180661577608272,2024-09-09 00:00,False
EURCHF,short,2023-11-06 00:00,2023-11-20 00:00,0.96656,0.96852,0.001960000000000073,0.96808,0.96852,D1,2023-11-20 00:00,2023-11-21 00:00,0.96841,0.96852,0.0001100000000000545,0.05612244897961756,2024-03-11 00:00,False
EURCHF,long,2023-11-20 00:00,2023-12-04 00:00,0.94036,0.94574,0.005380000000000051,0.94036,0.94502,D1,2023-12-12 00:00,2023-12-13 00:00,0.94347,0.94358,0.00010999999999994348,0.02044609665426439,2023-12-18 00:00,False
EURCHF,short,2023-12-04 00:00,2023-12-18 00:00,0.94812,0.9545,0.006380000000000052,0.94994,0.9545,D1,2023-12-14 00:00,2023-12-15 00:00,0.95421,0.9545,0.00029000000000001247,0.04545454545454704,2024-02-12 00:00,False
EURCHF,long,2023-12-18 00:00,2024-01-01 00:00,0.92542,0.92883,0.003410000000000024,0.92542,0.92706,D1,2024-01-03 00:00,2024-01-04 00:00,0.92706,0.92726,0.00019999999999997797,0.058651026392955004,2024-07-29 00:00,False
EURCHF,short,2024-03-25 00:00,2024-04-08 00:00,0.97752,0.98486,0.007340000000000013,0.98358,0.98486,D1,2024-04-08 00:00,2024-04-09 00:00,0.98352,0.98358,6.0000000000060005e-05,0.008174386920989088,2024-04-22 00:00,False
EURCHF,short,2024-05-06 00:00,2024-05-20 00:00,0.98835,0.99302,0.004670000000000063,0.98836,0.99302,D1,2024-05-24 00:00,2024-05-27 00:00,0.99292,0.99302,9.999999999998899e-05,0.021413276231260735,,True
EURCHF,short,2024-07-01 00:00,2024-07-15 00:00,0.97406,0.9774,0.0033400000000000096,0.97594,0.9774,D1,2024-07-15 00:00,2024-07-16 00:00,0.97695,0.9774,0.00045000000000006146,0.1347305389221737,,True
EURCHF,long,2024-07-29 00:00,2024-08-12 00:00,0.92108,0.94462,0.023540000000000005,0.92108,0.9434,D1,2024-08-06 00:00,2024-08-07 00:00,0.92859,0.93056,0.0019700000000000273,0.08368734069668764,2024-08-26 00:00,False
EURCHF,long,2024-07-29 00:00,2024-08-12 00:00,0.92108,0.94462,0.023540000000000005,0.92108,0.9434,D1,2024-08-09 00:00,2024-08-12 00:00,0.94241,0.9434,0.0009900000000000464,0.0420560747663571,2024-08-26 00:00,False
EURCHF,short,2024-08-12 00:00,2024-08-26 00:00,0.94842,0.95814,0.009719999999999951,0.94916,0.95814,D1,2024-08-15 00:00,2024-08-16 00:00,0.95766,0.95814,0.00048000000000003595,0.04938271604938666,2024-09-09 00:00,False
EURCHF,short,2024-08-12 00:00,2024-08-26 00:00,0.94842,0.95814,0.009719999999999951,0.94916,0.95814,D1,2024-08-19 00:00,2024-08-20 00:00,0.95682,0.95684,2.0000000000020002e-05,0.0020576131687263482,2024-09-09 00:00,False
EURCHF,short,2024-08-12 00:00,2024-08-26 00:00,0.94842,0.95814,0.009719999999999951,0.94916,0.95814,D1,2024-08-23 00:00,2024-08-26 00:00,0.94916,0.94986,0.0007000000000000339,0.07201646090535364,2024-09-09 00:00,False
USDJPY,short,2023-10-09 00:00,2023-10-23 00:00,149.876,151.72,1.843999999999994,149.994,151.72,D1,2023-10-31 00:00,2023-11-01 00:00,151.714,151.72,0.006000000000000227,0.0032537960954448194,2023-11-06 00:00,False
USDJPY,short,2023-11-06 00:00,2023-11-20 00:00,149.646,151.911,2.265000000000015,149.991,151.911,D1,2023-11-13 00:00,2023-11-14 00:00,151.791,151.911,0.12000000000000455,0.05298013245033279,2024-02-12 00:00,False
USDJPY,short,2023-11-06 00:00,2023-11-20 00:00,149.646,151.911,2.265000000000015,149.991,151.911,D1,2023-11-15 00:00,2023-11-16 00:00,151.422,151.432,0.009999999999990905,0.004415011037523549,2024-02-12 00:00,False
USDJPY,long,2023-12-18 00:00,2024-01-01 00:00,140.252,141.035,0.782999999999987,140.252,140.811,D1,2023-12-29 00:00,2024-01-02 00:00,140.798,140.811,0.01300000000000523,0.016602809706264935,2024-09-09 00:00,False
USDJPY,short,2024-04-08 00:00,2024-04-22 00:00,154.644,160.233,5.588999999999999,154.788,160.233,D1,2024-04-30 00:00,2024-05-01 00:00,157.848,157.988,0.13999999999998636,0.02504920379316271,2024-05-06 00:00,False
USDJPY,short,2024-06-17 00:00,2024-07-01 00:00,160.786,161.95,1.1639999999999873,161.285,161.95,D1,2024-07-10 00:00,2024-07-11 00:00,161.761,161.808,0.046999999999997044,0.04037800687285013,,True
USDCHF,short,2023-10-23 00:00,2023-11-06 00:00,0.8994,0.91126,0.011859999999999982,0.90522,0.91126,D1,2023-10-31 00:00,2023-11-01 00:00,0.91063,0.91126,0.0006299999999999084,0.05311973018548983,2024-03-11 00:00,False
USDCHF,short,2023-12-04 00:00,2023-12-18 00:00,0.87023,0.88208,0.011850000000000027,0.87118,0.88208,D1,2023-12-08 00:00,2023-12-11 00:00,0.88162,0.88208,0.00046000000000001595,0.03881856540084514,2024-01-15 00:00,False
USDCHF,short,2023-12-04 00:00,2023-12-18 00:00,0.87023,0.88208,0.011850000000000027,0.87118,0.88208,D1,2023-12-15 00:00,2023-12-18 00:00,0.87116,0.87118,1.999999999990898e-05,0.0016877637130724838,2024-01-15 00:00,False
AUDJPY,long,2023-10-09 00:00,2023-10-23 00:00,94.053,94.642,0.5889999999999986,94.053,94.248,D1,2023-10-13 00:00,2023-10-16 00:00,94.053,94.136,0.08299999999999841,0.14091680814940338,2023-12-04 00:00,False
AUDJPY,short,2023-11-20 00:00,2023-12-04 00:00,97.996,98.544,0.5480000000000018,97.996,98.544,D1,2023-11-24 00:00,2023-11-27 00:00,98.508,98.544,0.036000000000001364,0.06569343065693657,2024-02-12 00:00,False
AUDJPY,short,2023-11-20 00:00,2023-12-04 00:00,97.996,98.544,0.5480000000000018,97.996,98.544,D1,2023-12-01 00:00,2023-12-04 00:00,97.996,98.082,0.08599999999999852,0.15693430656933985,2024-02-12 00:00,False
AUDJPY,long,2023-12-04 00:00,2023-12-18 00:00,93.74,95.306,1.5660000000000025,93.74,95.161,D1,2023-12-14 00:00,2023-12-15 00:00,94.607,94.726,0.11899999999999977,0.07598978288633434,2024-07-29 00:00,False
AUDJPY,long,2024-01-29 00:00,2024-02-12 00:00,95.502,97.39,1.8880000000000052,95.502,97.068,D1,2024-02-05 00:00,2024-02-06 00:00,96.214,96.278,0.06400000000000716,0.03389830508474946,2024-02-26 00:00,False
AUDJPY,long,2024-01-29 00:00,2024-02-12 00:00,95.502,97.39,1.8880000000000052,95.502,97.068,D1,2024-02-13 00:00,2024-02-14 00:00,97.068,97.16,0.09199999999999875,0.04872881355932124,2024-02-26 00:00,False
AUDJPY,short,2024-03-25 00:00,2024-04-08 00:00,99.764,100.811,1.0470000000000113,100.4,100.811,D1,2024-04-09 00:00,2024-04-10 00:00,100.645,100.811,0.16600000000001103,0.1585482330468092,2024-04-22 00:00,False
AUDJPY,long,2024-06-03 00:00,2024-06-17 00:00,102.616,104.122,1.5060000000000002,102.616,103.591,D1,2024-06-07 00:00,2024-06-10 00:00,102.981,103.092,0.1110000000000042,0.0737051792828713,2024-07-15 00:00,False
AUDJPY,long,2024-06-03 00:00,2024-06-17 00:00,102.616,104.122,1.5060000000000002,102.616,103.591,D1,2024-06-14 00:00,2024-06-17 00:00,103.591,103.643,0.05200000000000671,0.03452855245684376,2024-07-15 00:00,False
AUDJPY,short,2024-06-17 00:00,2024-07-01 00:00,107.418,109.373,1.9549999999999983,107.461,109.373,D1,2024-07-10 00:00,2024-07-11 00:00,109.154,109.373,0.2190000000000083,0.11202046035806061,,True
AUDJPY,long,2024-07-29 00:00,2024-08-12 00:00,90.139,96.22,6.081000000000003,90.139,96.22,D1,2024-08-09 00:00,2024-08-12 00:00,96.219,96.22,0.0010000000000047748,0.00016444663706705712,2024-08-26 00:00,False
AUDJPY,short,2024-08-12 00:00,2024-08-26 00:00,97.959,99.865,1.9059999999999917,99.036,99.865,D1,2024-09-02 00:00,2024-09-03 00:00,99.844,99.865,0.021000000000000796,0.011017838405037192,2024-09-09 00:00,False
CADJPY,long,2023-10-09 00:00,2023-10-23 00:00,107.49,109.278,1.788000000000011,107.49,108.953,D1,2023-10-30 00:00,2023-10-31 00:00,107.49,107.78,0.29000000000000625,0.1621923937360204,2023-11-06 00:00,False
CADJPY,long,2023-10-09 00:00,2023-10-23 00:00,107.49,109.278,1.788000000000011,107.49,108.953,D1,2023-11-01 00:00,2023-11-02 00:00,108.504,108.694,0.18999999999999773,0.10626398210290636,2023-11-06 00:00,False
CADJPY,short,2023-10-23 00:00,2023-11-06 00:00,109.368,110.676,1.308000000000007,109.56,110.676,D1,2023-11-15 00:00,2023-11-16 00:00,110.642,110.676,0.034000000000006025,0.025993883792053397,2023-11-20 00:00,False
CADJPY,short,2024-02-12 00:00,2024-02-26 00:00,111.432,111.804,0.3719999999999999,111.626,111.804,D1,2024-02-22 00:00,2024-02-23 00:00,111.741,111.804,0.06300000000000239,0.1693548387096839,2024-03-11 00:00,False
CADJPY,short,2024-02-12 00:00,2024-02-26 00:00,111.432,111.804,0.3719999999999999,111.626,111.804,D1,2024-02-26 00:00,2024-02-27 00:00,111.596,111.626,0.030000000000001137,0.08064516129032566,2024-03-11 00:00,False
CADJPY,short,2024-04-08 00:00,2024-04-22 00:00,112.477,117.344,4.86699999999999,112.628,117.344,D1,2024-04-30 00:00,2024-05-01 00:00,114.74,114.862,0.12199999999999989,0.025066776248202204,2024-05-06 00:00,False
CADJPY,long,2024-06-03 00:00,2024-06-17 00:00,112.962,114.616,1.6539999999999964,112.962,114.282,D1,2024-06-04 00:00,2024-06-05 00:00,112.962,113.174,0.2120000000000033,0.12817412333736625,2024-07-15 00:00,False
CADJPY,long,2024-06-03 00:00,2024-06-17 00:00,112.962,114.616,1.6539999999999964,112.962,114.282,D1,2024-06-06 00:00,2024-06-07 00:00,113.445,113.652,0.20700000000000784,0.12515114873035568,2024-07-15 00:00,False
CADJPY,long,2024-06-03 00:00,2024-06-17 00:00,112.962,114.616,1.6539999999999964,112.962,114.282,D1,2024-06-12 00:00,2024-06-13 00:00,113.706,113.903,0.19700000000000273,0.11910519951632598,2024-07-15 00:00,False
CADJPY,short,2024-06-17 00:00,2024-07-01 00:00,117.594,118.864,1.2700000000000102,117.744,118.864,D1,2024-07-10 00:00,2024-07-11 00:00,118.775,118.864,0.08899999999999864,0.07007874015747867,,True
CADJPY,short,2024-08-12 00:00,2024-08-26 00:00,106.78,109.06,2.280000000000001,108.818,109.06,D1,2024-09-02 00:00,2024-09-03 00:00,109.036,109.06,0.02400000000000091,0.010526315789474078,2024-09-23 00:00,False
NZDCAD,long,2024-01-15 00:00,2024-01-29 00:00,0.81514,0.8196,0.0044600000000000195,0.81514,0.81776,D1,2024-02-02 00:00,2024-02-05 00:00,0.81514,0.81582,0.0006800000000000139,0.15246636771300695,2024-02-12 00:00,False
NZDCAD,long,2024-03-11 00:00,2024-03-25 00:00,0.80665,0.81554,0.008890000000000065,0.80665,0.81456,D1,2024-04-01 00:00,2024-04-02 00:00,0.80665,0.80709,0.00043999999999999595,0.049493813273340015,2024-04-08 00:00,False
NZDCAD,short,2024-03-25 00:00,2024-04-08 00:00,0.81708,0.82492,0.007839999999999958,0.81876,0.82492,D1,2024-04-09 00:00,2024-04-10 00:00,0.82375,0.82492,0.0011700000000000044,0.14923469387755237,2024-04-22 00:00,False
NZDCAD,short,2024-03-25 00:00,2024-04-08 00:00,0.81708,0.82492,0.007839999999999958,0.81876,0.82492,D1,2024-04-11 00:00,2024-04-12 00:00,0.82204,0.82246,0.00041999999999997595,0.05357142857142579,2024-04-22 00:00,False
NZDCAD,long,2024-06-17 00:00,2024-07-01 00:00,0.82732,0.83342,0.006099999999999994,0.82732,0.83124,D1,2024-07-10 00:00,2024-07-11 00:00,0.82732,0.82792,0.0005999999999999339,0.09836065573769417,2024-07-15 00:00,False
NZDCAD,short,2024-07-01 00:00,2024-07-15 00:00,0.83354,0.83868,0.005140000000000033,0.83403,0.83868,D1,2024-07-05 00:00,2024-07-08 00:00,0.83854,0.83868,0.000140000000000029,0.027237354085608574,2024-08-12 00:00,False
NZDCAD,short,2024-07-01 00:00,2024-07-15 00:00,0.83354,0.83868,0.005140000000000033,0.83403,0.83868,D1,2024-07-12 00:00,2024-07-15 00:00,0.83403,0.83466,0.0006299999999999084,0.12256809338519539,2024-08-12 00:00,False
NZDCAD,long,2024-08-26 00:00,2024-09-09 00:00,0.8311,0.83759,0.006489999999999996,0.8311,0.83478,D1,2024-09-11 00:00,2024-09-12 00:00,0.8316,0.83218,0.0005800000000000249,0.08936825885978819,2024-09-23 00:00,False
NZDCAD,short,2024-09-09 00:00,2024-09-23 00:00,0.8457,0.86142,0.015719999999999956,0.84926,0.86142,D1,2024-09-30 00:00,2024-10-01 00:00,0.85894,0.86142,0.0024799999999999267,0.15776081424935964,,True
USDCAD,short,2023-10-09 00:00,2023-10-23 00:00,1.37154,1.38991,0.018369999999999997,1.37411,1.38991,D1,2023-10-31 00:00,2023-11-01 00:00,1.38923,1.38991,0.0006800000000000139,0.0370168753402294,2023-11-06 00:00,False
USDCAD,short,2023-11-06 00:00,2023-11-20 00:00,1.3721,1.38549,0.013390000000000013,1.37658,1.38549,D1,2023-11-13 00:00,2023-11-14 00:00,1.3832,1.38435,0.0011499999999999844,0.0858849887976089,2024-04-08 00:00,False
USDCAD,short,2023-11-06 00:00,2023-11-20 00:00,1.3721,1.38549,0.013390000000000013,1.37658,1.38549,D1,2023-11-16 00:00,2023-11-17 00:00,1.3771,1.3777,0.0005999999999999339,0.04480955937266119,2024-04-08 00:00,False
USDCAD,short,2024-02-12 00:00,2024-02-26 00:00,1.35093,1.36061,0.009680000000000133,1.35864,1.36061,D1,2024-03-05 00:00,2024-03-06 00:00,1.36002,1.36053,0.0005100000000000104,0.0526859504132235,2024-03-11 00:00,False
USDCAD,long,2024-03-25 00:00,2024-04-08 00:00,1.3478,1.35898,0.011179999999999968,1.3478,1.3547,D1,2024-04-09 00:00,2024-04-10 00:00,1.3547,1.35561,0.0009099999999999664,0.08139534883720653,2024-05-06 00:00,False
USDCAD,short,2024-04-08 00:00,2024-04-22 00:00,1.3749,1.38462,0.009719999999999951,1.3785,1.38462,D1,2024-04-16 00:00,2024-04-17 00:00,1.3838,1.38462,0.0008200000000000429,0.08436213991770032,2024-05-06 00:00,False
USDCAD,short,2024-04-08 00:00,2024-04-22 00:00,1.3749,1.38462,0.009719999999999951,1.3785,1.38462,D1,2024-04-30 00:00,2024-05-01 00:00,1.37832,1.3785,0.000180000000000069,0.01851851851852571,2024-05-06 00:00,False
USDCAD,long,2024-05-06 00:00,2024-05-20 00:00,1.35896,1.36118,0.0022200000000001108,1.35896,1.35961,D1,2024-05-15 00:00,2024-05-16 00:00,1.35896,1.359,4.0000000000040004e-05,0.01801801801803514,2024-06-03 00:00,False
USDCAD,long,2024-08-12 00:00,2024-08-26 00:00,1.3441,1.35081,0.006709999999999994,1.3441,1.3499,D1,2024-08-27 00:00,2024-08-28 00:00,1.3441,1.34428,0.00017999999999984695,0.026825633382987647,2024-09-23 00:00,False
AUDCHF,long,2023-10-09 00:00,2023-10-23 00:00,0.56136,0.5635,0.0021400000000000308,0.56136,0.5614,D1,2023-10-20 00:00,2023-10-23 00:00,0.56136,0.5614,4.0000000000040004e-05,0.018691588785065154,2024-01-29 00:00,False
AUDCHF,long,2023-11-06 00:00,2023-11-20 00:00,0.57251,0.57702,0.004510000000000014,0.57251,0.57581,D1,2023-11-10 00:00,2023-11-13 00:00,0.57251,0.57316,0.0006500000000000394,0.14412416851442073,2023-12-04 00:00,False
AUDCHF,long,2023-11-06 00:00,2023-11-20 00:00,0.57251,0.57702,0.004510000000000014,0.57251,0.57581,D1,2023-11-16 00:00,2023-11-17 00:00,0.57356,0.57376,0.000200000000000089,0.04434589800445418,2023-12-04 00:00,False
AUDCHF,short,2024-07-01 00:00,2024-07-15 00:00,0.6067,0.60828,0.0015800000000000258,0.60743,0.60828,D1,2024-07-12 00:00,2024-07-15 00:00,0.60743,0.60752,8.999999999992347e-05,0.05696202531640633,,True
AUDCHF,long,2024-07-29 00:00,2024-08-12 00:00,0.53656,0.56876,0.032200000000000006,0.53656,0.56798,D1,2024-08-09 00:00,2024-08-12 00:00,0.56726,0.56798,0.0007200000000000539,0.02236024844720664,2024-08-26 00:00,False
AUDCHF,short,2024-08-12 00:00,2024-08-26 00:00,0.5756,0.58149,0.005889999999999951,0.5789,0.58149,D1,2024-08-19 00:00,2024-08-20 00:00,0.58098,0.58149,0.0005099999999998994,0.08658743633275105,2024-09-09 00:00,False
AUDCHF,short,2024-08-12 00:00,2024-08-26 00:00,0.5756,0.58149,0.005889999999999951,0.5789,0.58149,D1,2024-09-02 00:00,2024-09-03 00:00,0.57861,0.5789,0.00029000000000001247,0.04923599320883105,2024-09-09 00:00,False
CHFJPY,short,2023-10-09 00:00,2023-10-23 00:00,167.95,168.422,0.4720000000000084,168.226,168.422,D1,2023-10-23 00:00,2023-10-24 00:00,168.152,168.226,0.07400000000001228,0.15677966101697238,2023-11-06 00:00,False
CHFJPY,long,2023-10-23 00:00,2023-11-06 00:00,164.987,166.114,1.1270000000000095,164.987,166.082,D1,2023-10-30 00:00,2023-10-31 00:00,164.987,165.182,0.19499999999999318,0.1730257320319357,2023-12-04 00:00,False
CHFJPY,short,2023-11-06 00:00,2023-11-20 00:00,168.934,170.54,1.6059999999999945,170.228,170.54,D1,2023-11-15 00:00,2023-11-16 00:00,170.496,170.54,0.04399999999998272,0.027397260273961936,2023-12-18 00:00,False
CHFJPY,long,2023-12-04 00:00,2023-12-18 00:00,162.174,163.359,1.1850000000000023,162.174,163.24,D1,2023-12-15 00:00,2023-12-18 00:00,163.046,163.24,0.19400000000001683,0.16371308016879024,,True
CHFJPY,long,2024-01-29 00:00,2024-02-12 00:00,169.282,170.656,1.3739999999999952,169.282,169.424,D1,2024-02-07 00:00,2024-02-08 00:00,169.282,169.288,0.006000000000000227,0.004366812227074417,2024-02-26 00:00,False
CHFJPY,long,2024-01-29 00:00,2024-02-12 00:00,169.282,170.656,1.3739999999999952,169.282,169.424,D1,2024-02-13 00:00,2024-02-14 00:00,169.424,169.462,0.03799999999998249,0.02765647743812418,2024-02-26 00:00,False
CHFJPY,short,2024-02-12 00:00,2024-02-26 00:00,170.844,171.7,0.8559999999999945,171.516,171.7,D1,2024-02-28 00:00,2024-02-29 00:00,171.49,171.516,0.025999999999982037,0.030373831775680146,2024-04-22 00:00,False
CHFJPY,long,2024-02-26 00:00,2024-03-11 00:00,167.086,167.558,0.47199999999998,167.086,167.533,D1,2024-03-11 00:00,2024-03-12 00:00,167.086,167.134,0.0479999999999734,0.10169491525418524,2024-03-25 00:00,False
CHFJPY,short,2024-03-11 00:00,2024-03-25 00:00,168.754,170.804,2.0500000000000114,168.804,170.804,D1,2024-03-20 00:00,2024-03-21 00:00,170.718,170.804,0.08600000000001273,0.0419512195122011,2024-04-08 00:00,False
CHFJPY,long,2024-03-25 00:00,2024-04-08 00:00,166.574,168.089,1.5149999999999864,166.574,167.23,D1,2024-04-02 00:00,2024-04-03 00:00,166.77,166.784,0.013999999999981583,0.009240924092397167,2024-04-22 00:00,False
CHFJPY,long,2024-03-25 00:00,2024-04-08 00:00,166.574,168.089,1.5149999999999864,166.574,167.23,D1,2024-04-04 00:00,2024-04-05 00:00,167.1,167.15,0.05000000000001137,0.033003300330040806,2024-04-22 00:00,False
CHFJPY,long,2024-03-25 00:00,2024-04-08 00:00,166.574,168.089,1.5149999999999864,166.574,167.23,D1,2024-04-10 00:00,2024-04-11 00:00,167.23,167.312,0.08200000000002206,0.05412541254126917,2024-04-22 00:00,False
CHFJPY,short,2024-08-12 00:00,2024-08-26 00:00,170.181,172.822,2.640999999999991,171.859,172.822,D1,2024-09-02 00:00,2024-09-03 00:00,172.664,172.822,0.15800000000001546,0.059825823551691026,2024-09-23 00:00,False
CHFJPY,long,2024-08-26 00:00,2024-09-09 00:00,165.299,168.795,3.495999999999981,165.299,168.567,D1,2024-09-13 00:00,2024-09-16 00:00,165.299,165.584,0.2849999999999966,0.08152173913043426,2024-09-23 00:00,False
NZDJPY,long,2023-10-09 00:00,2023-10-23 00:00,86.786,87.34,0.554000000000002,86.786,87.122,D1,2023-10-27 00:00,2023-10-30 00:00,86.83,86.849,0.019000000000005457,0.03429602888087615,2024-07-29 00:00,False
NZDJPY,short,2024-01-01 00:00,2024-01-15 00:00,90.433,90.988,0.5549999999999926,90.81,90.988,D1,2024-01-19 00:00,2024-01-22 00:00,90.706,90.81,0.1039999999999992,0.18738738738738844,2024-01-29 00:00,False
NZDJPY,long,2024-03-11 00:00,2024-03-25 00:00,90.11,90.751,0.6410000000000053,90.11,90.364,D1,2024-04-01 00:00,2024-04-02 00:00,90.11,90.138,0.028000000000005798,0.04368174726989948,2024-04-08 00:00,False
NZDJPY,short,2024-03-25 00:00,2024-04-08 00:00,91.18,92.391,1.2109999999999985,91.706,92.391,D1,2024-04-09 00:00,2024-04-10 00:00,92.19,92.391,0.20100000000000762,0.16597853014038635,2024-04-22 00:00,False
NZDJPY,short,2024-03-25 00:00,2024-04-08 00:00,91.18,92.391,1.2109999999999985,91.706,92.391,D1,2024-04-11 00:00,2024-04-12 00:00,91.97,92.018,0.04800000000000182,0.039636663914122114,2024-04-22 00:00,False
NZDJPY,short,2024-08-12 00:00,2024-08-26 00:00,89.798,91.66,1.8619999999999948,90.278,91.66,D1,2024-09-02 00:00,2024-09-03 00:00,91.618,91.66,0.04200000000000159,0.022556390977444527,2024-09-09 00:00,False
EURNZD,short,2023-12-04 00:00,2023-12-18 00:00,1.7549,1.774,0.019100000000000117,1.76097,1.774,D1,2023-12-14 00:00,2023-12-15 00:00,1.77338,1.774,0.0006200000000000649,0.032460732984296393,2024-01-01 00:00,False
EURNZD,short,2023-12-04 00:00,2023-12-18 00:00,1.7549,1.774,0.019100000000000117,1.76097,1.774,D1,2023-12-18 00:00,2023-12-19 00:00,1.75916,1.76097,0.0018099999999998673,0.09476439790575163,2024-01-01 00:00,False
EURNZD,short,2024-01-15 00:00,2024-01-29 00:00,1.78212,1.79369,0.01157000000000008,1.78212,1.79369,D1,2024-01-22 00:00,2024-01-23 00:00,1.79232,1.79369,0.0013700000000000934,0.11840968020744026,2024-02-26 00:00,False
EURNZD,short,2024-01-15 00:00,2024-01-29 00:00,1.78212,1.79369,0.01157000000000008,1.78212,1.79369,D1,2024-01-24 00:00,2024-01-25 00:00,1.78258,1.7832,0.0006199999999998429,0.05358686257561267,2024-02-26 00:00,False
EURNZD,short,2024-01-15 00:00,2024-01-29 00:00,1.78212,1.79369,0.01157000000000008,1.78212,1.79369,D1,2024-01-26 00:00,2024-01-29 00:00,1.78212,1.78238,0.000260000000000149,0.022471910112372272,2024-02-26 00:00,False
EURNZD,long,2024-03-25 00:00,2024-04-08 00:00,1.7845,1.80228,0.01778000000000013,1.7845,1.7956,D1,2024-04-11 00:00,2024-04-12 00:00,1.7845,1.78661,0.0021100000000000563,0.1186726659167627,2024-04-22 00:00,False
EURGBP,long,2024-01-29 00:00,2024-02-12 00:00,0.84984,0.85396,0.0041200000000000125,0.84984,0.85132,D1,2024-02-13 00:00,2024-02-14 00:00,0.84984,0.85002,0.00017999999999995797,0.04368932038833918,2024-02-26 00:00,False
EURGBP,long,2024-02-26 00:00,2024-03-11 00:00,0.85042,0.85074,0.000320000000000098,0.85042,0.85046,D1,2024-03-08 00:00,2024-03-11 00:00,0.85042,0.85046,4.0000000000040004e-05,0.12500000000008674,2024-05-20 00:00,False
EURGBP,short,2024-04-08 00:00,2024-04-22 00:00,0.86149,0.86448,0.002990000000000048,0.86156,0.86448,D1,2024-04-22 00:00,2024-04-23 00:00,0.86442,0.86448,6.0000000000060005e-05,0.02006688963212677,2024-05-06 00:00,False
GBPCHF,short,2023-11-20 00:00,2023-12-04 00:00,1.10452,1.11568,0.011160000000000059,1.10892,1.11568,D1,2023-11-28 00:00,2023-11-29 00:00,1.11528,1.11568,0.00039999999999995595,0.0358422939068059,2024-01-15 00:00,False
GBPCHF,short,2024-05-06 00:00,2024-05-20 00:00,1.1548,1.1678,0.0129999999999999,1.15491,1.1678,D1,2024-05-27 00:00,2024-05-28 00:00,1.16744,1.1678,0.00035999999999991594,0.027692307692301438,2024-07-01 00:00,False
GBPCHF,short,2024-07-01 00:00,2024-07-15 00:00,1.16,1.16328,0.0032800000000001717,1.1624,1.16328,D1,2024-07-15 00:00,2024-07-16 00:00,1.16317,1.16328,0.0001100000000000545,0.03353658536586852,,True
GBPCHF,long,2024-07-29 00:00,2024-08-12 00:00,1.07432,1.10432,0.030000000000000027,1.07432,1.10232,D1,2024-08-06 00:00,2024-08-07 00:00,1.07886,1.08068,0.0018200000000001548,0.060666666666671774,2024-09-09 00:00,False
GBPCHF,long,2024-07-29 00:00,2024-08-12 00:00,1.07432,1.10432,0.030000000000000027,1.07432,1.10232,D1,2024-08-09 00:00,2024-08-12 00:00,1.09932,1.10232,0.0029999999999998916,0.0999999999999963,2024-09-09 00:00,False
EURAUD,short,2023-10-09 00:00,2023-10-23 00:00,1.67775,1.68456,0.006809999999999983,1.67918,1.68456,D1,2023-10-23 00:00,2023-10-24 00:00,1.6845,1.68456,5.999999999994898e-05,0.0088105726872172,2023-11-06 00:00,False
EURAUD,short,2023-11-06 00:00,2023-11-20 00:00,1.67511,1.68412,0.009009999999999962,1.67728,1.68412,D1,2023-11-16 00:00,2023-11-17 00:00,1.6799,1.68026,0.000360000000000138,0.0399556048834783,2024-07-29 00:00,False
EURAUD,long,2024-03-25 00:00,2024-04-08 00:00,1.63705,1.64704,0.009990000000000165,1.63705,1.64142,D1,2024-04-09 00:00,2024-04-10 00:00,1.63705,1.63714,9.000000000014552e-05,0.009009009009023426,2024-04-22 00:00,False
EURAUD,long,2024-03-25 00:00,2024-04-08 00:00,1.63705,1.64704,0.009990000000000165,1.63705,1.64142,D1,2024-04-11 00:00,2024-04-12 00:00,1.63773,1.63948,0.0017500000000001403,0.17517517517518633,2024-04-22 00:00,False
EURAUD,short,2024-05-20 00:00,2024-06-03 00:00,1.63052,1.6421,0.011579999999999924,1.6406,1.6421,D1,2024-06-07 00:00,2024-06-10 00:00,1.64158,1.6421,0.0005199999999998539,0.04490500863556626,2024-07-15 00:00,False
EURAUD,short,2024-07-29 00:00,2024-08-12 00:00,1.66204,1.71862,0.056580000000000075,1.67508,1.71862,D1,2024-08-14 00:00,2024-08-15 00:00,1.67002,1.67508,0.005059999999999842,0.08943089430894019,2024-08-26 00:00,False
EURAUD,long,2024-08-12 00:00,2024-08-26 00:00,1.6258,1.64768,0.02188000000000012,1.6258,1.64513,D1,2024-08-29 00:00,2024-08-30 00:00,1.6258,1.62674,0.0009400000000001629,0.04296160877514432,2024-09-09 00:00,False
EURAUD,long,2024-08-12 00:00,2024-08-26 00:00,1.6258,1.64768,0.02188000000000012,1.6258,1.64513,D1,2024-09-02 00:00,2024-09-03 00:00,1.62908,1.62944,0.00035999999999991594,0.016453382084091132,2024-09-09 00:00,False
EURCAD,short,2023-11-06 00:00,2023-11-20 00:00,1.49782,1.50446,0.006639999999999979,1.49798,1.50446,D1,2023-11-20 00:00,2023-11-21 00:00,1.50394,1.50446,0.0005199999999998539,0.07831325301202643,2024-07-15 00:00,False
EURCAD,long,2023-12-04 00:00,2023-12-18 00:00,1.4551,1.45746,0.0023599999999999177,1.4551,1.45643,D1,2023-12-26 00:00,2023-12-27 00:00,1.4551,1.45543,0.00032999999999994145,0.13983050847455633,2024-01-01 00:00,False
EURCAD,long,2024-01-29 00:00,2024-02-12 00:00,1.4462,1.4517,0.00550000000000006,1.4462,1.44666,D1,2024-02-12 00:00,2024-02-13 00:00,1.44666,1.44725,0.0005899999999998684,0.10727272727270216,,True
EURCAD,long,2024-03-11 00:00,2024-03-25 00:00,1.45463,1.47054,0.01590999999999987,1.45463,1.46648,D1,2024-04-01 00:00,2024-04-02 00:00,1.45463,1.45702,0.002389999999999892,0.15021998742928422,2024-04-08 00:00,False
EURCAD,long,2024-04-08 00:00,2024-04-22 00:00,1.45806,1.46518,0.007120000000000015,1.45806,1.4612,D1,2024-04-22 00:00,2024-04-23 00:00,1.45806,1.4586,0.0005399999999999849,0.07584269662921121,2024-06-17 00:00,False
EURCAD,long,2024-04-08 00:00,2024-04-22 00:00,1.45806,1.46518,0.007120000000000015,1.45806,1.4612,D1,2024-04-26 00:00,2024-04-29 00:00,1.46066,1.46089,0.00022999999999995246,0.03230337078651011,2024-06-17 00:00,False
EURCAD,short,2024-05-06 00:00,2024-05-20 00:00,1.47953,1.48832,0.008790000000000076,1.48218,1.48832,D1,2024-05-30 00:00,2024-05-31 00:00,1.4839,1.4841,0.00019999999999997797,0.022753128555173634,2024-06-03 00:00,False
EURCAD,long,2024-07-29 00:00,2024-08-12 00:00,1.48954,1.4995,0.009959999999999969,1.48954,1.49791,D1,2024-08-09 00:00,2024-08-12 00:00,1.49791,1.49838,0.00046999999999997044,0.0471887550200775,2024-08-26 00:00,False
EURCAD,long,2024-08-26 00:00,2024-09-09 00:00,1.48891,1.50376,0.01485000000000003,1.48891,1.49364,D1,2024-08-30 00:00,2024-09-02 00:00,1.48891,1.48968,0.0007699999999999374,0.051851851851847534,2024-09-23 00:00,False
EURCAD,long,2024-08-26 00:00,2024-09-09 00:00,1.48891,1.50376,0.01485000000000003,1.48891,1.49364,D1,2024-09-11 00:00,2024-09-12 00:00,1.49364,1.4946,0.0009599999999998499,0.0646464646464544,2024-09-23 00:00,False
GBPJPY,long,2023-10-09 00:00,2023-10-23 00:00,180.77,182.307,1.5369999999999777,180.77,181.074,D1,2023-10-27 00:00,2023-10-30 00:00,180.77,181.048,0.2779999999999916,0.18087182823682213,2023-12-04 00:00,False
GBPJPY,short,2023-11-20 00:00,2023-12-04 00:00,186.599,188.666,2.0670000000000073,186.599,188.666,D1,2023-11-24 00:00,2023-11-27 00:00,188.53,188.666,0.13599999999999568,0.06579583938074272,2024-01-15 00:00,False
GBPJPY,short,2023-11-20 00:00,2023-12-04 00:00,186.599,188.666,2.0670000000000073,186.599,188.666,D1,2023-11-30 00:00,2023-12-01 00:00,187.523,187.568,0.045000000000015916,0.02177068214804826,2024-01-15 00:00,False
GBPJPY,long,2024-02-26 00:00,2024-03-11 00:00,187.963,189.092,1.129000000000019,187.963,188.244,D1,2024-03-11 00:00,2024-03-12 00:00,187.963,187.983,0.020000000000010232,0.01771479185120451,2024-07-29 00:00,False
GBPJPY,short,2024-03-25 00:00,2024-04-08 00:00,191.631,192.978,1.3470000000000084,192.252,192.978,D1,2024-04-09 00:00,2024-04-10 00:00,192.856,192.978,0.1220000000000141,0.09057164068300916,2024-04-22 00:00,False
GBPJPY,short,2024-03-25 00:00,2024-04-08 00:00,191.631,192.978,1.3470000000000084,192.252,192.978,D1,2024-04-18 00:00,2024-04-19 00:00,192.732,192.782,0.05000000000001137,0.03711952487008987,2024-04-22 00:00,False
GBPJPY,long,2024-06-03 00:00,2024-06-17 00:00,197.206,199.684,2.4780000000000086,197.206,199.064,D1,2024-06-06 00:00,2024-06-07 00:00,198.399,198.832,0.4329999999999927,0.1747376916868407,2024-07-15 00:00,False
GBPJPY,long,2024-06-03 00:00,2024-06-17 00:00,197.206,199.684,2.4780000000000086,197.206,199.064,D1,2024-06-14 00:00,2024-06-17 00:00,198.928,199.064,0.13599999999999568,0.05488297013720549,2024-07-15 00:00,False
GBPJPY,long,2024-07-29 00:00,2024-08-12 00:00,180.102,186.973,6.871000000000009,180.102,186.973,D1,2024-08-06 00:00,2024-08-07 00:00,182.81,183.09,0.28000000000000114,0.04075098238975415,2024-08-26 00:00,False
GBPJPY,long,2024-07-29 00:00,2024-08-12 00:00,180.102,186.973,6.871000000000009,180.102,186.973,D1,2024-08-09 00:00,2024-08-12 00:00,186.476,186.973,0.4970000000000141,0.07233299374181537,2024-08-26 00:00,False
GBPJPY,short,2024-08-12 00:00,2024-08-26 00:00,190.638,193.49,2.852000000000004,192.036,193.49,D1,2024-09-02 00:00,2024-09-03 00:00,193.368,193.49,0.1220000000000141,0.04277699859748034,2024-09-09 00:00,False
EURJPY,short,2023-11-06 00:00,2023-11-20 00:00,163.302,164.308,1.0060000000000002,163.723,164.308,D1,2023-11-15 00:00,2023-11-16 00:00,164.222,164.308,0.08599999999998431,0.08548707753477564,2024-02-12 00:00,False
EURJPY,short,2023-11-06 00:00,2023-11-20 00:00,163.302,164.308,1.0060000000000002,163.723,164.308,D1,2023-11-24 00:00,2023-11-27 00:00,163.652,163.723,0.07100000000002638,0.0705765407554934,2024-02-12 00:00,False
EURJPY,long,2024-02-26 00:00,2024-03-11 00:00,160.215,160.868,0.6529999999999916,160.215,160.556,D1,2024-03-11 00:00,2024-03-12 00:00,160.215,160.282,0.06700000000000728,0.10260336906586238,2024-07-29 00:00,False
EURJPY,short,2024-04-08 00:00,2024-04-22 00:00,164.798,171.605,6.806999999999988,165.176,171.605,D1,2024-04-30 00:00,2024-05-01 00:00,168.604,168.669,0.06499999999999773,0.009548993682973093,2024-05-06 00:00,False
EURJPY,short,2024-06-17 00:00,2024-07-01 00:00,172.708,175.428,2.719999999999999,172.708,175.428,D1,2024-07-10 00:00,2024-07-11 00:00,175.164,175.428,0.26400000000001,0.09705882352941549,2024-07-15 00:00,False
EURJPY,long,2024-07-29 00:00,2024-08-12 00:00,154.414,159.889,5.475000000000023,154.414,159.889,D1,2024-08-06 00:00,2024-08-07 00:00,157.296,157.671,0.375,0.06849315068493123,2024-08-26 00:00,False
EURJPY,long,2024-07-29 00:00,2024-08-12 00:00,154.414,159.889,5.475000000000023,154.414,159.889,D1,2024-08-09 00:00,2024-08-12 00:00,159.811,159.889,0.07800000000000296,0.014246575342466233,2024-08-26 00:00,False
EURJPY,short,2024-08-12 00:00,2024-08-26 00:00,161.403,163.894,2.491000000000014,162.896,163.894,D1,2024-08-15 00:00,2024-08-16 00:00,163.874,163.894,0.020000000000010232,0.00802890405460061,2024-09-23 00:00,False
EURJPY,short,2024-08-12 00:00,2024-08-26 00:00,161.403,163.894,2.491000000000014,162.896,163.894,D1,2024-09-02 00:00,2024-09-03 00:00,162.798,162.896,0.09799999999998477,0.03934162986751675,2024-09-23 00:00,False
GBPAUD,short,2023-10-09 00:00,2023-10-23 00:00,1.92634,1.93424,0.007900000000000018,1.93286,1.93424,D1,2023-10-23 00:00,2023-10-24 00:00,1.93398,1.93424,0.00025999999999992696,0.03291139240505397,2023-11-06 00:00,False
GBPAUD,long,2023-10-23 00:00,2023-11-06 00:00,1.88997,1.90084,0.010870000000000157,1.88997,1.8976,D1,2023-11-02 00:00,2023-11-03 00:00,1.88997,1.89102,0.0010499999999999954,0.096596136154552,2023-12-04 00:00,False
GBPAUD,short,2023-11-06 00:00,2023-11-20 00:00,1.91302,1.93165,0.018630000000000146,1.91985,1.93165,D1,2023-11-16 00:00,2023-11-17 00:00,1.92192,1.92248,0.0005599999999998939,0.030059044551792244,2023-12-04 00:00,False
GBPAUD,short,2023-11-06 00:00,2023-11-20 00:00,1.91302,1.93165,0.018630000000000146,1.91985,1.93165,D1,2023-11-29 00:00,2023-11-30 00:00,1.91946,1.91985,0.0003900000000001125,0.02093397745572246,2023-12-04 00:00,False
GBPAUD,long,2023-12-18 00:00,2024-01-01 00:00,1.85886,1.86916,0.010299999999999976,1.85886,1.86051,D1,2023-12-28 00:00,2023-12-29 00:00,1.85926,1.8602,0.0009400000000001629,0.09126213592234612,,True
GBPAUD,short,2024-01-29 00:00,2024-02-12 00:00,1.93595,1.95298,0.01702999999999988,1.94562,1.95298,D1,2024-02-13 00:00,2024-02-14 00:00,1.95268,1.95298,0.00029999999999996696,0.01761597181444328,2024-02-26 00:00,False
GBPAUD,long,2024-02-12 00:00,2024-02-26 00:00,1.91926,1.9304,0.011139999999999928,1.91926,1.92771,D1,2024-03-07 00:00,2024-03-08 00:00,1.92771,1.92921,0.0015000000000000568,0.13464991023339914,2024-03-11 00:00,False
GBPAUD,short,2024-02-26 00:00,2024-03-11 00:00,1.9406,1.95706,0.01645999999999992,1.95078,1.95706,D1,2024-03-05 00:00,2024-03-06 00:00,1.95538,1.95706,0.0016800000000001258,0.10206561360875663,2024-03-25 00:00,False
GBPAUD,short,2024-02-26 00:00,2024-03-11 00:00,1.9406,1.95706,0.01645999999999992,1.95078,1.95706,D1,2024-03-19 00:00,2024-03-20 00:00,1.95006,1.95078,0.0007200000000000539,0.04374240583232427,2024-03-25 00:00,False
GBPAUD,long,2024-03-25 00:00,2024-04-08 00:00,1.91144,1.92085,0.009409999999999918,1.91144,1.91338,D1,2024-04-09 00:00,2024-04-10 00:00,1.91144,1.91166,0.00021999999999988695,0.023379383634419645,2024-04-22 00:00,False
GBPAUD,short,2024-04-08 00:00,2024-04-22 00:00,1.92746,1.94824,0.02078000000000002,1.93108,1.94824,D1,2024-04-30 00:00,2024-05-01 00:00,1.93014,1.93108,0.0009399999999999409,0.045235803657359956,2024-06-03 00:00,False
GBPAUD,short,2024-06-03 00:00,2024-06-17 00:00,1.91782,1.9353,0.01747999999999994,1.92378,1.9353,D1,2024-06-07 00:00,2024-06-10 00:00,1.93358,1.9353,0.0017199999999999438,0.09839816933638156,2024-07-15 00:00,False
GBPAUD,short,2024-06-03 00:00,2024-06-17 00:00,1.91782,1.9353,0.01747999999999994,1.92378,1.9353,D1,2024-06-11 00:00,2024-06-12 00:00,1.93101,1.93294,0.0019300000000002093,0.1104118993135135,2024-07-15 00:00,False
GBPAUD,short,2024-06-03 00:00,2024-06-17 00:00,1.91782,1.9353,0.01747999999999994,1.92378,1.9353,D1,2024-06-13 00:00,2024-06-14 00:00,1.9247,1.92608,0.0013799999999999368,0.07894736842104928,2024-07-15 00:00,False
GBPAUD,short,2024-06-03 00:00,2024-06-17 00:00,1.91782,1.9353,0.01747999999999994,1.92378,1.9353,D1,2024-06-17 00:00,2024-06-18 00:00,1.92346,1.92378,0.000320000000000098,0.018306636155612076,2024-07-15 00:00,False
GBPAUD,long,2024-07-29 00:00,2024-08-12 00:00,1.92783,1.94266,0.01483000000000012,1.92783,1.93158,D1,2024-08-19 00:00,2024-08-20 00:00,1.92783,1.92929,0.0014600000000000168,0.09844908968307518,2024-08-26 00:00,False
AUDUSD,long,2024-01-29 00:00,2024-02-12 00:00,0.64428,0.65242,0.008140000000000036,0.64428,0.64688,D1,2024-02-13 00:00,2024-02-14 00:00,0.64428,0.64466,0.00038000000000004697,0.046683046683052246,2024-02-26 00:00,False
AUDUSD,long,2024-03-11 00:00,2024-03-25 00:00,0.64809,0.65146,0.003369999999999984,0.64809,0.6504,D1,2024-04-01 00:00,2024-04-02 00:00,0.64809,0.64831,0.00021999999999999797,0.06528189910979199,2024-04-08 00:00,False
AUDUSD,long,2024-06-03 00:00,2024-06-17 00:00,0.65761,0.6615,0.003889999999999949,0.65761,0.65854,D1,2024-06-07 00:00,2024-06-10 00:00,0.65761,0.6579,0.00029000000000001247,0.07455012853470855,2024-07-15 00:00,False
AUDUSD,short,2024-09-09 00:00,2024-09-23 00:00,0.68016,0.69426,0.014100000000000001,0.68391,0.69426,D1,2024-09-30 00:00,2024-10-01 00:00,0.69348,0.69426,0.0007800000000000029,0.05531914893617041,,True
AUDNZD,short,2023-11-06 00:00,2023-11-20 00:00,1.08736,1.09004,0.0026799999999997937,1.08876,1.09004,D1,2023-11-17 00:00,2023-11-20 00:00,1.08827,1.08876,0.0004899999999998794,0.18283582089549147,2024-03-11 00:00,False
AUDNZD,long,2023-11-20 00:00,2023-12-04 00:00,1.06604,1.07492,0.008879999999999999,1.06604,1.07023,D1,2023-12-06 00:00,2023-12-07 00:00,1.06604,1.06614,9.999999999998899e-05,0.011261261261260022,2024-01-01 00:00,False
AUDNZD,long,2023-11-20 00:00,2023-12-04 00:00,1.06604,1.07492,0.008879999999999999,1.06604,1.07023,D1,2023-12-12 00:00,2023-12-13 00:00,1.06886,1.06929,0.0004300000000001525,0.0484234234234406,2024-01-01 00:00,False
AUDNZD,short,2024-03-25 00:00,2024-04-08 00:00,1.09418,1.09557,0.0013900000000000023,1.09516,1.09557,D1,2024-04-08 00:00,2024-04-09 00:00,1.09512,1.09516,3.999999999981796e-05,0.028776978417135175,2024-04-22 00:00,False
EURUSD,short,2023-11-06 00:00,2023-11-20 00:00,1.09127,1.10173,0.010460000000000136,1.09143,1.10173,D1,2023-11-28 00:00,2023-11-29 00:00,1.1009,1.10173,0.0008300000000001084,0.07934990439771487,2023-12-04 00:00,False
EURUSD,long,2023-11-20 00:00,2023-12-04 00:00,1.07237,1.08833,0.015959999999999974,1.07237,1.08289,D1,2023-12-08 00:00,2023-12-11 00:00,1.07237,1.07416,0.0017899999999999583,0.11215538847117551,2024-01-01 00:00,False
EURUSD,short,2023-12-18 00:00,2024-01-01 00:00,1.10374,1.11396,0.010220000000000118,1.10453,1.11396,D1,2023-12-27 00:00,2023-12-28 00:00,1.11228,1.11396,0.0016800000000001258,0.16438356164384604,2024-08-12 00:00,False
EURUSD,long,2024-01-29 00:00,2024-02-12 00:00,1.0695,1.07854,0.009040000000000159,1.0695,1.07227,D1,2024-02-13 00:00,2024-02-14 00:00,1.0695,1.07006,0.000560000000000116,0.061946902654878996,2024-03-25 00:00,False
EURUSD,long,2024-03-11 00:00,2024-03-25 00:00,1.07245,1.08077,0.008320000000000105,1.07245,1.08018,D1,2024-04-01 00:00,2024-04-02 00:00,1.07245,1.07309,0.000640000000000196,0.0769230769230995,2024-04-08 00:00,False
EURUSD,short,2024-07-01 00:00,2024-07-15 00:00,1.08854,1.09482,0.006279999999999841,1.09114,1.09482,D1,2024-07-17 00:00,2024-07-18 00:00,1.0941,1.09482,0.0007199999999998319,0.11464968152863855,2024-07-29 00:00,False
EURUSD,short,2024-08-12 00:00,2024-08-26 00:00,1.11902,1.12017,0.0011500000000002064,1.12009,1.12017,D1,2024-08-23 00:00,2024-08-26 00:00,1.12009,1.12017,8.000000000008001e-05,0.06956521739136143,2024-09-23 00:00,False
EURUSD,long,2024-08-26 00:00,2024-09-09 00:00,1.1002,1.10827,0.008070000000000022,1.1002,1.10264,D1,2024-09-11 00:00,2024-09-12 00:00,1.1002,1.10055,0.00034999999999985043,0.04337050805450427,2024-09-23 00:00,False
